s3_key,meta_description,page_title,image_count,genetics_info_3,quality_score,market_tier,extraction_method,field_count
html/0001e4b9a9c43140.html,"Get the latest & greatest cannabis seeds from the world’s best breeders to your door. Fast delivery across the USA, free seeds with every order!",Seedsman Cannabis Seeds | Buy Online with Delivery Across the USA,0,"the USA


















      
    
                  





















You need to enable Jav",6.25,Basic,8_method_pipeline,8
html/003152eeb067dfdf.html,"Get the latest & greatest cannabis seeds from the world’s best breeders to your door. Fast delivery across the USA, free seeds with every order!",Seedsman Cannabis Seeds | Buy Online with Delivery Across the USA,0,"the USA


















      
    
                  





















You need to enable Jav",6.25,Basic,8_method_pipeline,8
html/005677a4b6fe91d9.html,"Get the latest & greatest cannabis seeds from the world’s best breeders to your door. Fast delivery across the USA, free seeds with every order!",Seedsman Cannabis Seeds | Buy Online with Delivery Across the USA,0,"the USA


















      
    
                  





















You need to enable Jav",6.25,Basic,8_method_pipeline,8
html/0069dced9e352170.html,"Get the latest & greatest cannabis seeds from the world’s best breeders to your door. Fast delivery across the USA, free seeds with every order!",Seedsman Cannabis Seeds | Buy Online with Delivery Across the USA,0,"the USA


















      
    
                  





















You need to enable Jav",6.25,Basic,8_method_pipeline,8
html/00fe2b433cd7e88d.html,"Get the latest & greatest cannabis seeds from the world’s best breeders to your door. Fast delivery across the USA, free seeds with every order!",Seedsman Cannabis Seeds | Buy Online with Delivery Across the USA,0,"the USA


















      
    
                  





















You need to enable Jav",6.25,Basic,8_method_pipeline,8
html/0129f3a261517cf6.html,"Get the latest & greatest cannabis seeds from the world’s best breeders to your door. Fast delivery across the USA, free seeds with every order!",Seedsman Cannabis Seeds | Buy Online with Delivery Across the USA,0,"the USA


















      
    
                  





















You need to enable Jav",6.25,Basic,8_method_pipeline,8
html/01f58cfb63a07690.html,"Get the latest & greatest cannabis seeds from the world’s best breeders to your door. Fast delivery across the USA, free seeds with every order!",Seedsman Cannabis Seeds | Buy Online with Delivery Across the USA,0,"the USA


















      
    
                  





















You need to enable Jav",6.25,Basic,8_method_pipeline,8
html/02424504df3a5da3.html,"Get the latest & greatest cannabis seeds from the world’s best breeders to your door. Fast delivery across the USA, free seeds with every order!",Seedsman Cannabis Seeds | Buy Online with Delivery Across the USA,0,"the USA


















      
    
                  





















You need to enable Jav",6.25,Basic,8_method_pipeline,8
html/02f8558201a813a5.html,"Get the latest & greatest cannabis seeds from the world’s best breeders to your door. Fast delivery across the USA, free seeds with every order!",Seedsman Cannabis Seeds | Buy Online with Delivery Across the USA,0,"the USA


















      
    
                  





















You need to enable Jav",6.25,Basic,8_method_pipeline,8
html/030536901b20e841.html,"Get the latest & greatest cannabis seeds from the world’s best breeders to your door. Fast delivery across the USA, free seeds with every order!",Seedsman Cannabis Seeds | Buy Online with Delivery Across the USA,0,"the USA


















      
    
                  





















You need to enable Jav",6.25,Basic,8_method_pipeline,8
